﻿<?xml version="1.0" encoding="utf-8"?>
<Symbols>
  <Symbol FileName="cvi-pharma.bmp" Transparent="false" Width="567" Height="567" />
  <Symbol FileName="teacher-male-512.bmp" Transparent="true" Width="218" Height="218" />
  <Symbol FileName="14-512.bmp" Transparent="true" Width="218" Height="218" />
  <Symbol FileName="engineering-icon-2.bmp" Transparent="false" Width="188" Height="218" />
  <Symbol FileName="home-5-xxl.bmp" Transparent="true" Width="54" Height="54" />
  <Symbol FileName="images.bmp" Transparent="false" Width="141" Height="141" />
  <Symbol FileName="easysetup.bmp" Transparent="true" Width="150" Height="150" />
  <Symbol FileName="automation_power_application_configuration_setup_process_install-512.bmp" Transparent="true" Width="180" Height="180" />
  <Symbol FileName="login-512.bmp" Transparent="true" Width="141" Height="141" />
  <Symbol FileName="tải xuống (1).bmp" Transparent="false" Width="38" Height="38" />
  <Symbol FileName="images (1).bmp" Transparent="false" Width="152" Height="152" />
  <Symbol FileName="images (1) (1).bmp" Transparent="false" Width="160" Height="160" />
  <Symbol FileName="images (2).bmp" Transparent="false" Width="180" Height="180" />
  <Symbol FileName="cool-choices-verified-energy-reports-icon.bmp" Transparent="true" Width="180" Height="180" />
</Symbols>